year,week,new_cases,model,actual_new_cases,predicted_new_cases,error
2017.0,8.0,6700.0,linear_regression,6700.0,11569.573839314751,4869.573839314751
2017.0,9.0,4600.0,linear_regression,4600.0,9999.436571724229,5399.436571724229
2017.0,10.0,4100.0,linear_regression,4100.0,8337.806818308069,4237.806818308069
2017.0,11.0,3100.0,linear_regression,3100.0,11131.662705129524,8031.662705129524
2017.0,12.0,3000.0,linear_regression,3000.0,9317.869517342448,6317.869517342448
2017.0,13.0,2600.0,linear_regression,2600.0,8228.431263704104,5628.431263704104
2017.0,14.0,2100.0,linear_regression,2100.0,8268.539571425159,6168.539571425159
2017.0,40.0,3700.0,linear_regression,3700.0,5157.11557562339,1457.1155756233902
2017.0,41.0,4700.0,linear_regression,4700.0,3908.918323351598,-791.0816766484022
2017.0,42.0,5000.0,linear_regression,5000.0,5319.807945040115,319.80794504011465
2017.0,43.0,4100.0,linear_regression,4100.0,6320.998539061977,2220.9985390619768
2017.0,44.0,5100.0,linear_regression,5100.0,4869.8415284175935,-230.1584715824065
2017.0,45.0,4600.0,linear_regression,4600.0,3999.1050684393076,-600.8949315606924
2017.0,46.0,4800.0,linear_regression,4800.0,8706.68858232411,3906.68858232411
2017.0,47.0,4800.0,linear_regression,4800.0,7942.234348987571,3142.234348987571
2017.0,48.0,4600.0,linear_regression,4600.0,7083.447703791051,2483.447703791051
2017.0,49.0,4800.0,linear_regression,4800.0,11248.66105756789,6448.66105756789
2017.0,50.0,5500.0,linear_regression,5500.0,10967.261279004555,5467.261279004555
2017.0,51.0,11400.0,linear_regression,11400.0,8646.11935132672,-2753.880648673279
2018.0,1.0,6800.0,linear_regression,6800.0,10210.602241220626,3410.6022412206257
2018.0,2.0,8400.0,linear_regression,8400.0,9682.797442929585,1282.7974429295846
2018.0,3.0,10100.0,linear_regression,10100.0,10613.946942667773,513.9469426677733
2018.0,4.0,12800.0,linear_regression,12800.0,10012.17701974621,-2787.82298025379
2018.0,5.0,13700.0,linear_regression,13700.0,8523.080142532264,-5176.919857467736
2018.0,6.0,14600.0,linear_regression,14600.0,11035.718406387228,-3564.2815936127718
2018.0,7.0,14200.0,linear_regression,14200.0,9096.122561704069,-5103.877438295931
2018.0,8.0,14200.0,linear_regression,14200.0,10072.291497083237,-4127.708502916763
2018.0,9.0,13900.0,linear_regression,13900.0,3867.456946534625,-10032.543053465375
2018.0,10.0,13500.0,linear_regression,13500.0,4071.2617059624736,-9428.738294037526
2018.0,11.0,9600.0,linear_regression,9600.0,9312.593290035218,-287.40670996478184
2018.0,12.0,7800.0,linear_regression,7800.0,13721.881999355148,5921.881999355148
2018.0,13.0,4500.0,linear_regression,4500.0,10734.482983084632,6234.482983084632
2018.0,14.0,3300.0,linear_regression,3300.0,8063.338644740299,4763.338644740299
2017.0,8.0,6700.0,random_forest,6700.0,12599.5,5899.5
2017.0,9.0,4600.0,random_forest,4600.0,12766.0,8166.0
2017.0,10.0,4100.0,random_forest,4100.0,9743.5,5643.5
2017.0,11.0,3100.0,random_forest,3100.0,7275.0,4175.0
2017.0,12.0,3000.0,random_forest,3000.0,6828.0,3828.0
2017.0,13.0,2600.0,random_forest,2600.0,5924.5,3324.5
2017.0,14.0,2100.0,random_forest,2100.0,6122.5,4022.5
2017.0,40.0,3700.0,random_forest,3700.0,5903.0,2203.0
2017.0,41.0,4700.0,random_forest,4700.0,5817.0,1117.0
2017.0,42.0,5000.0,random_forest,5000.0,6552.5,1552.5
2017.0,43.0,4100.0,random_forest,4100.0,6554.5,2454.5
2017.0,44.0,5100.0,random_forest,5100.0,5889.5,789.5
2017.0,45.0,4600.0,random_forest,4600.0,6293.0,1693.0
2017.0,46.0,4800.0,random_forest,4800.0,6413.0,1613.0
2017.0,47.0,4800.0,random_forest,4800.0,7885.5,3085.5
2017.0,48.0,4600.0,random_forest,4600.0,8413.5,3813.5
2017.0,49.0,4800.0,random_forest,4800.0,9508.0,4708.0
2017.0,50.0,5500.0,random_forest,5500.0,9953.5,4453.5
2017.0,51.0,11400.0,random_forest,11400.0,13414.5,2014.5
2018.0,1.0,6800.0,random_forest,6800.0,12831.5,6031.5
2018.0,2.0,8400.0,random_forest,8400.0,9701.5,1301.5
2018.0,3.0,10100.0,random_forest,10100.0,9713.5,-386.5
2018.0,4.0,12800.0,random_forest,12800.0,8265.0,-4535.0
2018.0,5.0,13700.0,random_forest,13700.0,10383.0,-3317.0
2018.0,6.0,14600.0,random_forest,14600.0,12237.5,-2362.5
2018.0,7.0,14200.0,random_forest,14200.0,10648.5,-3551.5
2018.0,8.0,14200.0,random_forest,14200.0,9435.5,-4764.5
2018.0,9.0,13900.0,random_forest,13900.0,14607.0,707.0
2018.0,10.0,13500.0,random_forest,13500.0,13060.5,-439.5
2018.0,11.0,9600.0,random_forest,9600.0,13072.0,3472.0
2018.0,12.0,7800.0,random_forest,7800.0,12761.0,4961.0
2018.0,13.0,4500.0,random_forest,4500.0,10084.5,5584.5
2018.0,14.0,3300.0,random_forest,3300.0,8763.5,5463.5
2017.0,11.0,3100.0,lstm,3100.0,10009.982421875,6909.982421875
2017.0,12.0,3000.0,lstm,3000.0,8027.845703125,5027.845703125
2017.0,13.0,2600.0,lstm,2600.0,6377.54931640625,3777.54931640625
2017.0,14.0,2100.0,lstm,2100.0,5360.8564453125,3260.8564453125
2017.0,40.0,3700.0,lstm,3700.0,3969.1171875,269.1171875
2017.0,41.0,4700.0,lstm,4700.0,6709.61083984375,2009.61083984375
2017.0,42.0,5000.0,lstm,5000.0,7592.6318359375,2592.6318359375
2017.0,43.0,4100.0,lstm,4100.0,4962.08154296875,862.08154296875
2017.0,44.0,5100.0,lstm,5100.0,5154.373046875,54.373046875
2017.0,45.0,4600.0,lstm,4600.0,5627.705078125,1027.705078125
2017.0,46.0,4800.0,lstm,4800.0,5780.3330078125,980.3330078125
2017.0,47.0,4800.0,lstm,4800.0,6213.39111328125,1413.39111328125
2017.0,48.0,4600.0,lstm,4600.0,7421.82421875,2821.82421875
2017.0,49.0,4800.0,lstm,4800.0,8128.12841796875,3328.12841796875
2017.0,50.0,5500.0,lstm,5500.0,9463.5888671875,3963.5888671875
2017.0,51.0,11400.0,lstm,11400.0,12037.849609375,637.849609375
2018.0,1.0,6800.0,lstm,6800.0,14912.904296875,8112.904296875
2018.0,2.0,8400.0,lstm,8400.0,10630.23046875,2230.23046875
2018.0,3.0,10100.0,lstm,10100.0,11173.5341796875,1073.5341796875
2018.0,4.0,12800.0,lstm,12800.0,9912.015625,-2887.984375
2018.0,5.0,13700.0,lstm,13700.0,10620.4541015625,-3079.5458984375
2018.0,6.0,14600.0,lstm,14600.0,13325.1796875,-1274.8203125
2018.0,7.0,14200.0,lstm,14200.0,13084.9267578125,-1115.0732421875
2018.0,8.0,14200.0,lstm,14200.0,13439.91015625,-760.08984375
2018.0,9.0,13900.0,lstm,13900.0,13886.37890625,-13.62109375
2018.0,10.0,13500.0,lstm,13500.0,13113.314453125,-386.685546875
2018.0,11.0,9600.0,lstm,9600.0,11865.0703125,2265.0703125
2018.0,12.0,7800.0,lstm,7800.0,13741.43359375,5941.43359375
2018.0,13.0,4500.0,lstm,4500.0,12110.5859375,7610.5859375
2018.0,14.0,3300.0,lstm,3300.0,10256.5185546875,6956.5185546875
2017.0,8.0,6700.0,history_weather_lstm,6700.0,9198.5009765625,2498.5009765625
2017.0,9.0,4600.0,history_weather_lstm,4600.0,10369.6240234375,5769.6240234375
2017.0,10.0,4100.0,history_weather_lstm,4100.0,11005.21484375,6905.21484375
2017.0,11.0,3100.0,history_weather_lstm,3100.0,9142.78515625,6042.78515625
2017.0,12.0,3000.0,history_weather_lstm,3000.0,6648.32275390625,3648.32275390625
2017.0,13.0,2600.0,history_weather_lstm,2600.0,6973.1044921875,4373.1044921875
2017.0,14.0,2100.0,history_weather_lstm,2100.0,6265.20361328125,4165.20361328125
2017.0,40.0,3700.0,history_weather_lstm,3700.0,5072.77734375,1372.77734375
2017.0,41.0,4700.0,history_weather_lstm,4700.0,6205.5048828125,1505.5048828125
2017.0,42.0,5000.0,history_weather_lstm,5000.0,6544.9287109375,1544.9287109375
2017.0,43.0,4100.0,history_weather_lstm,4100.0,6769.55810546875,2669.55810546875
2017.0,44.0,5100.0,history_weather_lstm,5100.0,6285.9892578125,1185.9892578125
2017.0,45.0,4600.0,history_weather_lstm,4600.0,5282.34521484375,682.34521484375
2017.0,46.0,4800.0,history_weather_lstm,4800.0,7314.79345703125,2514.79345703125
2017.0,47.0,4800.0,history_weather_lstm,4800.0,7389.60888671875,2589.60888671875
2017.0,48.0,4600.0,history_weather_lstm,4600.0,7336.67822265625,2736.67822265625
2017.0,49.0,4800.0,history_weather_lstm,4800.0,7897.75048828125,3097.75048828125
2017.0,50.0,5500.0,history_weather_lstm,5500.0,7403.9619140625,1903.9619140625
2017.0,51.0,11400.0,history_weather_lstm,11400.0,6507.4658203125,-4892.5341796875
2018.0,1.0,6800.0,history_weather_lstm,6800.0,8493.1201171875,1693.1201171875
2018.0,2.0,8400.0,history_weather_lstm,8400.0,10261.8193359375,1861.8193359375
2018.0,3.0,10100.0,history_weather_lstm,10100.0,9061.5146484375,-1038.4853515625
2018.0,4.0,12800.0,history_weather_lstm,12800.0,10039.2529296875,-2760.7470703125
2018.0,5.0,13700.0,history_weather_lstm,13700.0,10265.9609375,-3434.0390625
2018.0,6.0,14600.0,history_weather_lstm,14600.0,11427.2509765625,-3172.7490234375
2018.0,7.0,14200.0,history_weather_lstm,14200.0,15543.384765625,1343.384765625
2018.0,8.0,14200.0,history_weather_lstm,14200.0,13224.7275390625,-975.2724609375
2018.0,9.0,13900.0,history_weather_lstm,13900.0,11429.103515625,-2470.896484375
2018.0,10.0,13500.0,history_weather_lstm,13500.0,12018.4482421875,-1481.5517578125
2018.0,11.0,9600.0,history_weather_lstm,9600.0,10022.7080078125,422.7080078125
2018.0,12.0,7800.0,history_weather_lstm,7800.0,10532.4287109375,2732.4287109375
2018.0,13.0,4500.0,history_weather_lstm,4500.0,10405.1455078125,5905.1455078125
2018.0,14.0,3300.0,history_weather_lstm,3300.0,8342.6201171875,5042.6201171875
2017.0,8.0,6700.0,notebook_inspired_lstm,6700.0,8067.58544921875,1367.58544921875
2017.0,9.0,4600.0,notebook_inspired_lstm,4600.0,8956.51953125,4356.51953125
2017.0,10.0,4100.0,notebook_inspired_lstm,4100.0,11145.51171875,7045.51171875
2017.0,11.0,3100.0,notebook_inspired_lstm,3100.0,10796.5380859375,7696.5380859375
2017.0,12.0,3000.0,notebook_inspired_lstm,3000.0,7465.21435546875,4465.21435546875
2017.0,13.0,2600.0,notebook_inspired_lstm,2600.0,6762.736328125,4162.736328125
2017.0,14.0,2100.0,notebook_inspired_lstm,2100.0,6314.67724609375,4214.67724609375
2017.0,40.0,3700.0,notebook_inspired_lstm,3700.0,6000.6064453125,2300.6064453125
2017.0,41.0,4700.0,notebook_inspired_lstm,4700.0,6150.22705078125,1450.22705078125
2017.0,42.0,5000.0,notebook_inspired_lstm,5000.0,6353.29248046875,1353.29248046875
2017.0,43.0,4100.0,notebook_inspired_lstm,4100.0,6510.9736328125,2410.9736328125
2017.0,44.0,5100.0,notebook_inspired_lstm,5100.0,6481.13818359375,1381.13818359375
2017.0,45.0,4600.0,notebook_inspired_lstm,4600.0,6360.15966796875,1760.15966796875
2017.0,46.0,4800.0,notebook_inspired_lstm,4800.0,6543.3193359375,1743.3193359375
2017.0,47.0,4800.0,notebook_inspired_lstm,4800.0,6731.67529296875,1931.67529296875
2017.0,48.0,4600.0,notebook_inspired_lstm,4600.0,6817.93212890625,2217.93212890625
2017.0,49.0,4800.0,notebook_inspired_lstm,4800.0,6930.13623046875,2130.13623046875
2017.0,50.0,5500.0,notebook_inspired_lstm,5500.0,7141.4296875,1641.4296875
2017.0,51.0,11400.0,notebook_inspired_lstm,11400.0,7461.70556640625,-3938.29443359375
2018.0,1.0,6800.0,notebook_inspired_lstm,6800.0,9838.1845703125,3038.1845703125
2018.0,2.0,8400.0,notebook_inspired_lstm,8400.0,11988.650390625,3588.650390625
2018.0,3.0,10100.0,notebook_inspired_lstm,10100.0,9466.650390625,-633.349609375
2018.0,4.0,12800.0,notebook_inspired_lstm,12800.0,8364.7138671875,-4435.2861328125
2018.0,5.0,13700.0,notebook_inspired_lstm,13700.0,8106.69775390625,-5593.30224609375
2018.0,6.0,14600.0,notebook_inspired_lstm,14600.0,9390.396484375,-5209.603515625
2018.0,7.0,14200.0,notebook_inspired_lstm,14200.0,12947.3037109375,-1252.6962890625
2018.0,8.0,14200.0,notebook_inspired_lstm,14200.0,9925.4931640625,-4274.5068359375
2018.0,9.0,13900.0,notebook_inspired_lstm,13900.0,8830.5458984375,-5069.4541015625
2018.0,10.0,13500.0,notebook_inspired_lstm,13500.0,8325.125,-5174.875
2018.0,11.0,9600.0,notebook_inspired_lstm,9600.0,7978.59912109375,-1621.40087890625
2018.0,12.0,7800.0,notebook_inspired_lstm,7800.0,7990.47802734375,190.47802734375
2018.0,13.0,4500.0,notebook_inspired_lstm,4500.0,8549.8154296875,4049.8154296875
2018.0,14.0,3300.0,notebook_inspired_lstm,3300.0,7497.95703125,4197.95703125
2017.0,8.0,6700.0,stacking_meta_model,6700.0,12950.153860673696,6250.153860673696
2017.0,9.0,4600.0,stacking_meta_model,4600.0,13097.482883890996,8497.482883890996
2017.0,10.0,4100.0,stacking_meta_model,4100.0,10422.996561522898,6322.9965615228975
2017.0,11.0,3100.0,stacking_meta_model,3100.0,8238.722124214162,5138.722124214162
2017.0,12.0,3000.0,stacking_meta_model,3000.0,7843.190151973123,4843.190151973123
2017.0,13.0,2600.0,stacking_meta_model,2600.0,7043.720047007175,4443.720047007175
2017.0,14.0,2100.0,stacking_meta_model,2100.0,7218.922128670991,5118.922128670991
2017.0,40.0,3700.0,stacking_meta_model,3700.0,7024.69557854368,3324.6955785436803
2017.0,41.0,4700.0,stacking_meta_model,4700.0,6948.5977046897,2248.5977046896996
2017.0,42.0,5000.0,stacking_meta_model,5000.0,7599.411497940894,2599.411497940894
2017.0,43.0,4100.0,stacking_meta_model,4100.0,7601.181215937499,3501.1812159374986
2017.0,44.0,5100.0,stacking_meta_model,5100.0,7012.749982066602,1912.7499820666017
2017.0,45.0,4600.0,stacking_meta_model,4600.0,7369.790587881499,2769.790587881499
2017.0,46.0,4800.0,stacking_meta_model,4800.0,7475.973667677751,2675.973667677751
2017.0,47.0,4800.0,stacking_meta_model,4800.0,8778.928542677593,3978.928542677593
2017.0,48.0,4600.0,stacking_meta_model,4600.0,9246.134093781104,4646.134093781104
2017.0,49.0,4800.0,stacking_meta_model,4800.0,10214.612267422752,5414.612267422752
2017.0,50.0,5500.0,stacking_meta_model,5500.0,10608.816951166338,5108.816951166338
2017.0,51.0,11400.0,stacking_meta_model,11400.0,13671.313944289908,2271.3139442899082
2018.0,1.0,6800.0,stacking_meta_model,6800.0,13155.441148279782,6355.441148279782
2018.0,2.0,8400.0,stacking_meta_model,8400.0,10385.83248359421,1985.8324835942094
2018.0,3.0,10100.0,stacking_meta_model,10100.0,10396.450791573834,296.45079157383407
2018.0,4.0,12800.0,stacking_meta_model,12800.0,9114.732532533242,-3685.267467466758
2018.0,5.0,13700.0,stacking_meta_model,13700.0,10988.86389093709,-2711.1361090629107
2018.0,6.0,14600.0,stacking_meta_model,14600.0,12629.834903288336,-1970.1650967116639
2018.0,7.0,14200.0,stacking_meta_model,14200.0,11223.793954986299,-2976.2060450137014
2018.0,8.0,14200.0,stacking_meta_model,14200.0,10150.45999004585,-4049.5400099541494
2018.0,9.0,13900.0,stacking_meta_model,13900.0,14726.508299765163,826.5082997651625
2018.0,10.0,13500.0,stacking_meta_model,13500.0,13358.073858890964,-141.9261411090356
2018.0,11.0,9600.0,stacking_meta_model,9600.0,13368.249737371438,3768.2497373714377
2018.0,12.0,7800.0,stacking_meta_model,7800.0,13093.058588899485,5293.058588899485
2018.0,13.0,4500.0,stacking_meta_model,4500.0,10724.733479943912,6224.733479943912
2018.0,14.0,3300.0,stacking_meta_model,3300.0,9555.834743186839,6255.834743186839
2017.0,8.0,6700.0,ensemble,6700.0,9917.567213892593,3217.567213892593
2017.0,9.0,4600.0,ensemble,4600.0,9929.727915496936,5329.7279154969365
2017.0,10.0,4100.0,ensemble,4100.0,9482.911560034068,5382.911560034068
2017.0,11.0,3100.0,ensemble,3100.0,8074.308307270011,4974.308307270011
2017.0,12.0,3000.0,ensemble,3000.0,6144.784003087503,3144.784003087503
2017.0,13.0,2600.0,ensemble,2600.0,6615.785315717794,4015.785315717794
2017.0,14.0,2100.0,ensemble,2100.0,6609.854446503282,4509.854446503282
2017.0,40.0,3700.0,ensemble,3700.0,5447.574737201371,1747.5747372013711
2017.0,41.0,4700.0,ensemble,4700.0,5816.296505381074,1116.296505381074
2017.0,42.0,5000.0,ensemble,5000.0,6249.197879517669,1249.1978795176692
2017.0,43.0,4100.0,ensemble,4100.0,6388.289119570669,2288.289119570669
2017.0,44.0,5100.0,ensemble,5100.0,6223.153471652753,1123.153471652753
2017.0,45.0,4600.0,ensemble,4600.0,6351.715514298912,1751.7155142989122
2017.0,46.0,4800.0,ensemble,4800.0,7154.042119829783,2354.0421198297827
2017.0,47.0,4800.0,ensemble,4800.0,7915.796484373763,3115.7964843737627
2017.0,48.0,4600.0,ensemble,4600.0,8748.389458994921,4148.389458994921
2017.0,49.0,4800.0,ensemble,4800.0,9959.406919963392,5159.406919963392
2017.0,50.0,5500.0,ensemble,5500.0,8800.966136604751,3300.9661366047512
2017.0,51.0,11400.0,ensemble,11400.0,9564.99738927847,-1835.0026107215308
2018.0,1.0,6800.0,ensemble,6800.0,10173.893840787427,3373.8938407874266
2018.0,2.0,8400.0,ensemble,8400.0,10642.342026847724,2242.342026847724
2018.0,3.0,10100.0,ensemble,10100.0,10475.708007748386,375.7080077483861
2018.0,4.0,12800.0,ensemble,12800.0,10083.432054426605,-2716.5679455733953
2018.0,5.0,13700.0,ensemble,13700.0,10655.236114331,-3044.763885668999
2018.0,6.0,14600.0,ensemble,14600.0,11804.371231260082,-2795.628768739918
2018.0,7.0,14200.0,ensemble,14200.0,13164.462695474314,-1035.5373045256856
2018.0,8.0,14200.0,ensemble,14200.0,11222.16158301113,-2977.8384169888704
2018.0,9.0,13900.0,ensemble,13900.0,12164.369336265228,-1735.6306637347716
2018.0,10.0,13500.0,ensemble,13500.0,11405.756004873207,-2094.2439951267934
2018.0,11.0,9600.0,ensemble,9600.0,10288.498456522568,688.4984565225677
